game_id,move_num,ai_name,col_chosen,score,nodes_evaluated,time_ms
0,0,Random,4,0,1,0.03
0,1,Greedy,3,4,7,0.59
0,2,Random,3,0,1,0.01
0,3,Greedy,3,8,7,0.3
0,4,Random,2,0,1,0.0
0,5,Greedy,2,17,7,0.29
0,6,Random,2,0,1,0.0
0,7,Greedy,2,16,7,0.29
0,8,Random,5,0,1,0.0
0,9,Greedy,3,29,7,0.32
0,10,Random,4,0,1,0.0
0,11,Greedy,3,41,7,0.29
0,12,Random,5,0,1,0.0
0,13,Greedy,3,127,7,0.3
1,0,Random,6,0,1,0.01
1,1,Greedy,3,4,7,0.38
1,2,Random,5,0,1,0.0
1,3,Greedy,3,11,7,0.31
1,4,Random,2,0,1,0.0
1,5,Greedy,2,23,7,0.33
1,6,Random,1,0,1,0.0
1,7,Greedy,3,38,7,0.39
1,8,Random,0,0,1,0.0
1,9,Greedy,3,142,7,0.32
2,0,Random,3,0,1,0.0
2,1,Greedy,3,4,7,0.29
2,2,Random,5,0,1,0.0
2,3,Greedy,3,11,7,0.3
2,4,Random,5,0,1,0.0
2,5,Greedy,3,23,7,0.29
2,6,Random,5,0,1,0.0
2,7,Greedy,3,114,7,0.29
3,0,Random,1,0,1,0.01
3,1,Greedy,3,4,7,0.31
3,2,Random,5,0,1,0.0
3,3,Greedy,3,11,7,0.3
3,4,Random,6,0,1,0.0
3,5,Greedy,3,23,7,0.3
3,6,Random,3,0,1,0.0
3,7,Greedy,1,18,7,0.29
3,8,Random,4,0,1,0.0
3,9,Greedy,4,35,7,0.29
3,10,Random,5,0,1,0.0
3,11,Greedy,4,47,7,0.31
3,12,Random,2,0,1,0.0
3,13,Greedy,2,147,7,0.31
4,0,Random,6,0,1,0.0
4,1,Greedy,3,4,7,0.35
4,2,Random,5,0,1,0.0
4,3,Greedy,3,11,7,0.47
4,4,Random,6,0,1,0.0
4,5,Greedy,3,23,7,0.37
4,6,Random,1,0,1,0.0
4,7,Greedy,3,127,7,0.31
5,0,Random,1,0,1,0.0
5,1,Greedy,3,4,7,0.33
5,2,Random,2,0,1,0.0
5,3,Greedy,3,11,7,0.29
5,4,Random,0,0,1,0.0
5,5,Greedy,2,23,7,0.29
5,6,Random,2,0,1,0.0
5,7,Greedy,3,38,7,0.29
5,8,Random,0,0,1,0.0
5,9,Greedy,3,139,7,0.29
6,0,Random,1,0,1,0.0
6,1,Greedy,3,4,7,0.29
6,2,Random,1,0,1,0.0
6,3,Greedy,3,11,7,0.3
6,4,Random,4,0,1,0.0
6,5,Greedy,3,23,7,0.29
6,6,Random,3,0,1,0.0
6,7,Greedy,4,27,7,0.29
6,8,Random,3,0,1,0.0
6,9,Greedy,4,45,7,0.31
6,10,Random,6,0,1,0.0
6,11,Greedy,4,59,7,0.29
6,12,Random,5,0,1,0.0
6,13,Greedy,4,153,7,0.29
7,0,Random,6,0,1,0.01
7,1,Greedy,3,4,7,0.34
7,2,Random,5,0,1,0.0
7,3,Greedy,3,11,7,0.46
7,4,Random,1,0,1,0.0
7,5,Greedy,3,23,7,0.32
7,6,Random,4,0,1,0.0
7,7,Greedy,3,127,7,0.33
8,0,Random,3,0,1,0.0
8,1,Greedy,3,4,7,0.3
8,2,Random,3,0,1,0.0
8,3,Greedy,3,8,7,0.31
8,4,Random,0,0,1,0.0
8,5,Greedy,3,12,7,0.29
8,6,Random,0,0,1,0.0
8,7,Greedy,3,16,7,0.3
8,8,Random,4,0,1,0.0
8,9,Greedy,4,25,6,0.25
8,10,Random,0,0,1,0.0
8,11,Greedy,4,33,6,0.25
8,12,Random,4,0,1,0.0
8,13,Greedy,4,48,6,0.25
8,14,Random,5,0,1,0.0
8,15,Greedy,5,48,6,0.26
8,16,Random,0,0,1,0.0
9,0,Random,2,0,1,0.0
9,1,Greedy,3,4,7,0.29
9,2,Random,5,0,1,0.0
9,3,Greedy,3,11,7,0.29
9,4,Random,0,0,1,0.0
9,5,Greedy,2,23,7,0.29
9,6,Random,5,0,1,0.0
9,7,Greedy,3,38,7,0.34
9,8,Random,3,0,1,0.0
9,9,Greedy,2,45,7,0.5
9,10,Random,0,0,1,0.0
9,11,Greedy,2,56,7,0.51
9,12,Random,1,0,1,0.0
9,13,Greedy,2,150,7,0.38
10,0,Random,5,0,1,0.0
10,1,Greedy,3,4,7,0.56
10,2,Random,3,0,1,0.0
10,3,Greedy,1,10,7,0.33
10,4,Random,4,0,1,0.0
10,5,Greedy,3,14,7,0.33
10,6,Random,0,0,1,0.0
10,7,Greedy,3,18,7,0.3
10,8,Random,3,0,1,0.0
10,9,Greedy,1,21,7,0.32
10,10,Random,6,0,1,0.0
10,11,Greedy,1,38,7,0.29
10,12,Random,4,0,1,0.0
10,13,Greedy,1,144,7,0.33
11,0,Random,6,0,1,0.0
11,1,Greedy,3,4,7,0.38
11,2,Random,6,0,1,0.0
11,3,Greedy,2,13,7,0.35
11,4,Random,6,0,1,0.0
11,5,Greedy,6,16,7,0.32
11,6,Random,2,0,1,0.0
11,7,Greedy,1,26,7,0.41
11,8,Random,2,0,1,0.0
11,9,Greedy,4,123,7,0.56
12,0,Random,2,0,1,0.0
12,1,Greedy,3,4,7,0.39
12,2,Random,4,0,1,0.0
12,3,Greedy,3,11,7,0.46
12,4,Random,6,0,1,0.0
12,5,Greedy,2,23,7,0.29
12,6,Random,6,0,1,0.0
12,7,Greedy,3,41,7,0.29
12,8,Random,3,0,1,0.0
12,9,Greedy,4,49,7,0.31
12,10,Random,0,0,1,0.0
12,11,Greedy,2,64,7,0.47
12,12,Random,2,0,1,0.0
12,13,Greedy,4,74,7,0.5
12,14,Random,2,0,1,0.0
12,15,Greedy,4,95,7,0.48
12,16,Random,3,0,1,0.0
12,17,Greedy,4,192,7,0.45
13,0,Random,3,0,1,0.01
13,1,Greedy,3,4,7,0.36
13,2,Random,6,0,1,0.0
13,3,Greedy,3,11,7,0.44
13,4,Random,5,0,1,0.0
13,5,Greedy,4,14,7,0.34
13,6,Random,0,0,1,0.0
13,7,Greedy,4,29,7,0.29
13,8,Random,1,0,1,0.0
13,9,Greedy,4,42,7,0.29
13,10,Random,6,0,1,0.0
13,11,Greedy,4,145,7,0.29
14,0,Random,5,0,1,0.0
14,1,Greedy,3,4,7,0.29
14,2,Random,4,0,1,0.0
14,3,Greedy,3,11,7,0.31
14,4,Random,6,0,1,0.0
14,5,Greedy,3,23,7,0.3
14,6,Random,0,0,1,0.0
14,7,Greedy,3,127,7,0.29
15,0,Random,1,0,1,0.0
15,1,Greedy,3,4,7,0.4
15,2,Random,1,0,1,0.0
15,3,Greedy,3,11,7,0.32
15,4,Random,5,0,1,0.0
15,5,Greedy,3,23,7,0.39
15,6,Random,6,0,1,0.0
15,7,Greedy,3,127,7,0.41
16,0,Random,5,0,1,0.0
16,1,Greedy,3,4,7,0.52
16,2,Random,5,0,1,0.01
16,3,Greedy,3,11,7,0.3
16,4,Random,5,0,1,0.0
16,5,Greedy,5,17,7,0.33
16,6,Random,5,0,1,0.0
16,7,Greedy,3,29,7,0.29
16,8,Random,1,0,1,0.0
16,9,Greedy,3,139,7,0.31
17,0,Random,5,0,1,0.0
17,1,Greedy,3,4,7,0.3
17,2,Random,6,0,1,0.0
17,3,Greedy,3,11,7,0.29
17,4,Random,1,0,1,0.0
17,5,Greedy,3,23,7,0.29
17,6,Random,4,0,1,0.0
17,7,Greedy,3,127,7,0.29
18,0,Random,2,0,1,0.0
18,1,Greedy,3,4,7,0.3
18,2,Random,6,0,1,0.0
18,3,Greedy,3,11,7,0.32
18,4,Random,2,0,1,0.0
18,5,Greedy,3,23,7,0.3
18,6,Random,1,0,1,0.0
18,7,Greedy,3,127,7,0.29
19,0,Random,1,0,1,0.0
19,1,Greedy,3,4,7,0.29
19,2,Random,3,0,1,0.0
19,3,Greedy,4,10,7,0.29
19,4,Random,1,0,1,0.0
19,5,Greedy,5,20,7,0.36
19,6,Random,6,0,1,0.0
19,7,Greedy,2,104,7,0.52
20,0,Random,4,0,1,0.01
20,1,Minimax(depth=3),3,8,130,15.04
20,2,Random,2,0,1,0.01
20,3,Minimax(depth=3),3,20,203,22.99
20,4,Random,5,0,1,0.01
20,5,Minimax(depth=3),2,35,184,20.09
20,6,Random,1,0,1,0.01
20,7,Minimax(depth=3),4,10000000,204,20.28
20,8,Random,2,0,1,0.01
20,9,Minimax(depth=3),0,10000000,70,6.24
20,10,Random,2,0,1,0.01
20,11,Minimax(depth=3),0,10000000,70,6.18
20,12,Random,2,0,1,0.01
20,13,Minimax(depth=3),1,10000000,58,4.53
21,0,Random,1,0,1,0.01
21,1,Minimax(depth=3),3,10,150,14.36
21,2,Random,2,0,1,0.01
21,3,Minimax(depth=3),3,20,193,19.92
21,4,Random,2,0,1,0.01
21,5,Minimax(depth=3),3,27,197,20.18
21,6,Random,3,0,1,0.01
21,7,Minimax(depth=3),2,35,128,12.42
21,8,Random,1,0,1,0.0
21,9,Minimax(depth=3),1,49,130,13.57
21,10,Random,6,0,1,0.0
21,11,Minimax(depth=3),2,62,174,18.0
21,12,Random,6,0,1,0.0
21,13,Minimax(depth=3),1,75,182,17.99
21,14,Random,6,0,1,0.01
21,15,Minimax(depth=3),4,10000000,155,14.73
22,0,Random,3,0,1,0.01
22,1,Minimax(depth=3),3,8,144,13.06
22,2,Random,3,0,1,0.01
22,3,Minimax(depth=3),2,13,147,16.53
22,4,Random,1,0,1,0.01
22,5,Minimax(depth=3),2,26,136,12.73
22,6,Random,3,0,1,0.0
22,7,Minimax(depth=3),2,32,177,16.81
22,8,Random,1,0,1,0.01
22,9,Minimax(depth=3),2,10000000,102,10.28
23,0,Random,2,0,1,0.0
23,1,Minimax(depth=3),3,8,157,14.92
23,2,Random,4,0,1,0.0
23,3,Minimax(depth=3),3,20,203,21.63
23,4,Random,4,0,1,0.0
23,5,Minimax(depth=3),3,24,204,21.33
23,6,Random,5,0,1,0.01
23,7,Minimax(depth=3),3,10000000,139,13.07
24,0,Random,0,0,1,0.0
24,1,Minimax(depth=3),3,11,175,16.95
24,2,Random,3,0,1,0.01
24,3,Minimax(depth=3),3,15,227,22.33
24,4,Random,1,0,1,0.0
24,5,Minimax(depth=3),3,21,242,23.18
24,6,Random,6,0,1,0.01
24,7,Minimax(depth=3),1,27,151,14.22
24,8,Random,5,0,1,0.01
24,9,Minimax(depth=3),1,41,132,12.31
24,10,Random,2,0,1,0.01
24,11,Minimax(depth=3),3,51,165,15.6
24,12,Random,4,0,1,0.0
24,13,Minimax(depth=3),1,10000000,99,8.76
24,14,Random,3,0,1,0.0
24,15,Minimax(depth=3),1,10000000,57,6.4
25,0,Random,4,0,1,0.01
25,1,Minimax(depth=3),3,8,130,12.28
25,2,Random,4,0,1,0.01
25,3,Minimax(depth=3),4,14,202,19.72
25,4,Random,1,0,1,0.01
25,5,Minimax(depth=3),3,27,184,17.59
25,6,Random,0,0,1,0.01
25,7,Minimax(depth=3),4,39,224,22.4
25,8,Random,3,0,1,0.01
25,9,Minimax(depth=3),4,42,229,24.11
25,10,Random,1,0,1,0.01
25,11,Minimax(depth=3),4,10000000,200,18.95
26,0,Random,1,0,1,0.01
26,1,Minimax(depth=3),3,10,150,15.2
26,2,Random,2,0,1,0.01
26,3,Minimax(depth=3),3,20,193,19.85
26,4,Random,1,0,1,0.0
26,5,Minimax(depth=3),4,25,201,22.11
26,6,Random,1,0,1,0.01
26,7,Minimax(depth=3),1,34,111,18.43
26,8,Random,1,0,1,0.01
26,9,Minimax(depth=3),4,45,263,25.46
26,10,Random,2,0,1,0.01
26,11,Minimax(depth=3),2,10000000,83,8.11
27,0,Random,6,0,1,0.01
27,1,Minimax(depth=3),3,11,171,22.95
27,2,Random,4,0,1,0.01
27,3,Minimax(depth=3),3,20,169,16.22
27,4,Random,5,0,1,0.01
27,5,Minimax(depth=3),4,30,210,19.71
27,6,Random,6,0,1,0.01
27,7,Minimax(depth=3),3,42,209,20.21
27,8,Random,1,0,1,0.01
27,9,Minimax(depth=3),3,10000000,131,11.65
28,0,Random,6,0,1,0.01
28,1,Minimax(depth=3),3,11,171,16.01
28,2,Random,2,0,1,0.01
28,3,Minimax(depth=3),3,20,189,19.04
28,4,Random,2,0,1,0.0
28,5,Minimax(depth=3),2,27,151,15.38
28,6,Random,4,0,1,0.01
28,7,Minimax(depth=3),2,36,221,21.33
28,8,Random,2,0,1,0.01
28,9,Minimax(depth=3),3,49,172,15.87
28,10,Random,1,0,1,0.0
28,11,Minimax(depth=3),3,10000000,114,12.19
29,0,Random,0,0,1,0.01
29,1,Minimax(depth=3),3,11,175,18.34
29,2,Random,4,0,1,0.01
29,3,Minimax(depth=3),3,20,195,18.14
29,4,Random,6,0,1,0.01
29,5,Minimax(depth=3),3,30,190,19.39
29,6,Random,5,0,1,0.01
29,7,Minimax(depth=3),3,10000000,128,12.21
30,0,Random,5,0,1,0.01
30,1,Minimax(depth=3),3,10,147,15.17
30,2,Random,1,0,1,0.01
30,3,Minimax(depth=3),3,14,186,17.03
30,4,Random,6,0,1,0.01
30,5,Minimax(depth=3),2,26,191,21.74
30,6,Random,4,0,1,0.01
30,7,Minimax(depth=3),2,38,165,15.63
30,8,Random,1,0,1,0.01
30,9,Minimax(depth=3),2,47,227,21.58
30,10,Random,3,0,1,0.01
30,11,Minimax(depth=3),2,10000000,101,9.79
31,0,Random,0,0,1,0.01
31,1,Minimax(depth=3),3,11,175,21.34
31,2,Random,6,0,1,0.01
31,3,Minimax(depth=3),3,17,198,19.0
31,4,Random,1,0,1,0.01
31,5,Minimax(depth=3),2,29,168,16.04
31,6,Random,4,0,1,0.01
31,7,Minimax(depth=3),2,38,169,16.91
31,8,Random,4,0,1,0.01
31,9,Minimax(depth=3),2,47,146,13.67
31,10,Random,5,0,1,0.01
31,11,Minimax(depth=3),0,10000000,75,6.81
31,12,Random,5,0,1,0.01
31,13,Minimax(depth=3),0,10000000,67,5.14
31,14,Random,1,0,1,0.0
31,15,Minimax(depth=3),0,10000000,68,5.52
31,16,Random,2,0,1,0.0
31,17,Minimax(depth=3),0,10000000,48,4.47
32,0,Random,2,0,1,0.0
32,1,Minimax(depth=3),3,8,157,14.33
32,2,Random,0,0,1,0.0
32,3,Minimax(depth=3),3,20,189,17.7
32,4,Random,4,0,1,0.0
32,5,Minimax(depth=3),2,35,173,15.91
32,6,Random,2,0,1,0.0
32,7,Minimax(depth=3),3,42,170,15.87
32,8,Random,1,0,1,0.01
32,9,Minimax(depth=3),0,10000000,76,6.37
32,10,Random,2,0,1,0.05
32,11,Minimax(depth=3),0,10000000,68,6.28
32,12,Random,3,0,1,0.0
32,13,Minimax(depth=3),1,10000000,67,5.73
33,0,Random,6,0,1,0.0
33,1,Minimax(depth=3),3,11,171,15.71
33,2,Random,5,0,1,0.01
33,3,Minimax(depth=3),3,17,147,13.29
33,4,Random,6,0,1,0.01
33,5,Minimax(depth=3),2,25,248,26.27
33,6,Random,2,0,1,0.01
33,7,Minimax(depth=3),1,10000000,97,8.82
33,8,Random,3,0,1,0.01
33,9,Minimax(depth=3),0,10000000,48,4.14
34,0,Random,3,0,1,0.0
34,1,Minimax(depth=3),3,8,144,13.6
34,2,Random,1,0,1,0.0
34,3,Minimax(depth=3),2,14,126,11.93
34,4,Random,4,0,1,0.01
34,5,Minimax(depth=3),2,22,215,20.59
34,6,Random,0,0,1,0.0
34,7,Minimax(depth=3),1,10000000,97,8.72
34,8,Random,4,0,1,0.0
34,9,Minimax(depth=3),0,10000000,56,5.1
35,0,Random,0,0,1,0.0
35,1,Minimax(depth=3),3,11,175,16.55
35,2,Random,6,0,1,0.0
35,3,Minimax(depth=3),3,17,198,18.63
35,4,Random,2,0,1,0.0
35,5,Minimax(depth=3),3,30,165,15.44
35,6,Random,0,0,1,0.0
35,7,Minimax(depth=3),3,10000000,137,13.1
36,0,Random,0,0,1,0.01
36,1,Minimax(depth=3),3,11,175,16.07
36,2,Random,2,0,1,0.01
36,3,Minimax(depth=3),3,20,189,18.57
36,4,Random,6,0,1,0.01
36,5,Minimax(depth=3),3,30,165,16.77
36,6,Random,6,0,1,0.0
36,7,Minimax(depth=3),3,10000000,134,11.64
37,0,Random,3,0,1,0.0
37,1,Minimax(depth=3),3,8,144,13.35
37,2,Random,1,0,1,0.01
37,3,Minimax(depth=3),2,14,126,11.6
37,4,Random,3,0,1,0.0
37,5,Minimax(depth=3),2,26,136,12.34
37,6,Random,5,0,1,0.0
37,7,Minimax(depth=3),1,34,172,15.91
37,8,Random,6,0,1,0.0
37,9,Minimax(depth=3),4,33,199,17.49
37,10,Random,2,0,1,0.01
37,11,Minimax(depth=3),0,10000000,68,5.09
37,12,Random,3,0,1,0.0
37,13,Minimax(depth=3),0,10000000,48,4.13
38,0,Random,1,0,1,0.0
38,1,Minimax(depth=3),3,10,150,13.53
38,2,Random,3,0,1,0.01
38,3,Minimax(depth=3),3,15,207,19.37
38,4,Random,3,0,1,0.0
38,5,Minimax(depth=3),5,19,268,24.97
38,6,Random,2,0,1,0.0
38,7,Minimax(depth=3),2,29,259,24.1
38,8,Random,2,0,1,0.0
38,9,Minimax(depth=3),4,31,221,20.57
38,10,Random,6,0,1,0.0
38,11,Minimax(depth=3),4,31,194,17.76
38,12,Random,6,0,1,0.0
38,13,Minimax(depth=3),2,10000000,94,8.41
39,0,Random,2,0,1,0.0
39,1,Minimax(depth=3),3,8,157,14.05
39,2,Random,4,0,1,0.0
39,3,Minimax(depth=3),3,20,203,18.76
39,4,Random,5,0,1,0.0
39,5,Minimax(depth=3),2,35,184,16.85
39,6,Random,5,0,1,0.0
39,7,Minimax(depth=3),3,42,230,21.19
39,8,Random,2,0,1,0.0
39,9,Minimax(depth=3),3,10000000,141,12.32
40,0,Greedy,3,4,7,0.3
40,1,Minimax(depth=3),3,8,144,12.9
40,2,Greedy,2,13,7,0.3
40,3,Minimax(depth=3),4,9,164,15.6
40,4,Greedy,2,13,7,0.29
40,5,Minimax(depth=3),2,21,126,11.22
40,6,Greedy,3,10,7,0.29
40,7,Minimax(depth=3),3,23,136,12.16
40,8,Greedy,1,20,7,0.29
40,9,Minimax(depth=3),0,24,40,3.07
40,10,Greedy,1,15,7,0.29
40,11,Minimax(depth=3),4,34,153,15.97
40,12,Greedy,1,28,7,0.63
40,13,Minimax(depth=3),1,10000000,67,10.0
41,0,Greedy,3,4,7,0.29
41,1,Minimax(depth=3),3,8,144,13.49
41,2,Greedy,2,13,7,0.28
41,3,Minimax(depth=3),4,9,164,15.24
41,4,Greedy,2,13,7,0.29
41,5,Minimax(depth=3),2,21,126,11.27
41,6,Greedy,3,10,7,0.29
41,7,Minimax(depth=3),3,23,136,12.52
41,8,Greedy,1,20,7,0.29
41,9,Minimax(depth=3),0,24,40,3.08
41,10,Greedy,1,15,7,0.29
41,11,Minimax(depth=3),4,34,153,14.11
41,12,Greedy,1,28,7,0.29
41,13,Minimax(depth=3),1,10000000,67,7.55
42,0,Greedy,3,4,7,0.47
42,1,Minimax(depth=3),3,8,144,13.39
42,2,Greedy,2,13,7,0.28
42,3,Minimax(depth=3),4,9,164,14.88
42,4,Greedy,2,13,7,0.29
42,5,Minimax(depth=3),2,21,126,11.27
42,6,Greedy,3,10,7,0.32
42,7,Minimax(depth=3),3,23,136,12.54
42,8,Greedy,1,20,7,0.29
42,9,Minimax(depth=3),0,24,40,3.16
42,10,Greedy,1,15,7,0.3
42,11,Minimax(depth=3),4,34,153,14.28
42,12,Greedy,1,28,7,0.29
42,13,Minimax(depth=3),1,10000000,67,6.16
43,0,Greedy,3,4,7,0.29
43,1,Minimax(depth=3),3,8,144,12.95
43,2,Greedy,2,13,7,0.29
43,3,Minimax(depth=3),4,9,164,14.97
43,4,Greedy,2,13,7,0.3
43,5,Minimax(depth=3),2,21,126,11.28
43,6,Greedy,3,10,7,0.43
43,7,Minimax(depth=3),3,23,136,13.19
43,8,Greedy,1,20,7,0.3
43,9,Minimax(depth=3),0,24,40,3.19
43,10,Greedy,1,15,7,0.3
43,11,Minimax(depth=3),4,34,153,14.19
43,12,Greedy,1,28,7,0.29
43,13,Minimax(depth=3),1,10000000,67,5.99
44,0,Greedy,3,4,7,0.29
44,1,Minimax(depth=3),3,8,144,12.99
44,2,Greedy,2,13,7,0.29
44,3,Minimax(depth=3),4,9,164,14.71
44,4,Greedy,2,13,7,0.3
44,5,Minimax(depth=3),2,21,126,11.32
44,6,Greedy,3,10,7,0.28
44,7,Minimax(depth=3),3,23,136,12.51
44,8,Greedy,1,20,7,0.3
44,9,Minimax(depth=3),0,24,40,3.11
44,10,Greedy,1,15,7,0.32
44,11,Minimax(depth=3),4,34,153,14.4
44,12,Greedy,1,28,7,0.29
44,13,Minimax(depth=3),1,10000000,67,6.06
45,0,Greedy,3,4,7,0.29
45,1,Minimax(depth=3),3,8,144,12.97
45,2,Greedy,2,13,7,0.29
45,3,Minimax(depth=3),4,9,164,14.81
45,4,Greedy,2,13,7,0.29
45,5,Minimax(depth=3),2,21,126,11.36
45,6,Greedy,3,10,7,0.29
45,7,Minimax(depth=3),3,23,136,12.36
45,8,Greedy,1,20,7,0.28
45,9,Minimax(depth=3),0,24,40,3.21
45,10,Greedy,1,15,7,0.3
45,11,Minimax(depth=3),4,34,153,16.09
45,12,Greedy,1,28,7,0.29
45,13,Minimax(depth=3),1,10000000,67,6.11
46,0,Greedy,3,4,7,0.29
46,1,Minimax(depth=3),3,8,144,13.58
46,2,Greedy,2,13,7,0.3
46,3,Minimax(depth=3),4,9,164,16.26
46,4,Greedy,2,13,7,0.34
46,5,Minimax(depth=3),2,21,126,11.66
46,6,Greedy,3,10,7,0.29
46,7,Minimax(depth=3),3,23,136,12.34
46,8,Greedy,1,20,7,0.29
46,9,Minimax(depth=3),0,24,40,3.14
46,10,Greedy,1,15,7,0.28
46,11,Minimax(depth=3),4,34,153,17.36
46,12,Greedy,1,28,7,0.29
46,13,Minimax(depth=3),1,10000000,67,6.34
47,0,Greedy,3,4,7,0.3
47,1,Minimax(depth=3),3,8,144,17.31
47,2,Greedy,2,13,7,0.3
47,3,Minimax(depth=3),4,9,164,16.02
47,4,Greedy,2,13,7,0.33
47,5,Minimax(depth=3),2,21,126,11.86
47,6,Greedy,3,10,7,0.31
47,7,Minimax(depth=3),3,23,136,12.71
47,8,Greedy,1,20,7,0.3
47,9,Minimax(depth=3),0,24,40,3.28
47,10,Greedy,1,15,7,0.29
47,11,Minimax(depth=3),4,34,153,14.72
47,12,Greedy,1,28,7,0.3
47,13,Minimax(depth=3),1,10000000,67,5.99
48,0,Greedy,3,4,7,0.31
48,1,Minimax(depth=3),3,8,144,13.64
48,2,Greedy,2,13,7,0.3
48,3,Minimax(depth=3),4,9,164,15.69
48,4,Greedy,2,13,7,0.3
48,5,Minimax(depth=3),2,21,126,11.6
48,6,Greedy,3,10,7,0.28
48,7,Minimax(depth=3),3,23,136,13.5
48,8,Greedy,1,20,7,0.48
48,9,Minimax(depth=3),0,24,40,3.65
48,10,Greedy,1,15,7,0.29
48,11,Minimax(depth=3),4,34,153,14.91
48,12,Greedy,1,28,7,0.28
48,13,Minimax(depth=3),1,10000000,67,5.77
49,0,Greedy,3,4,7,0.29
49,1,Minimax(depth=3),3,8,144,12.73
49,2,Greedy,2,13,7,0.29
49,3,Minimax(depth=3),4,9,164,14.9
49,4,Greedy,2,13,7,0.28
49,5,Minimax(depth=3),2,21,126,11.47
49,6,Greedy,3,10,7,0.28
49,7,Minimax(depth=3),3,23,136,12.33
49,8,Greedy,1,20,7,0.29
49,9,Minimax(depth=3),0,24,40,3.11
49,10,Greedy,1,15,7,0.29
49,11,Minimax(depth=3),4,34,153,14.19
49,12,Greedy,1,28,7,0.29
49,13,Minimax(depth=3),1,10000000,67,5.88
50,0,Greedy,3,4,7,0.29
50,1,Minimax(depth=3),3,8,144,12.84
50,2,Greedy,2,13,7,0.29
50,3,Minimax(depth=3),4,9,164,15.32
50,4,Greedy,2,13,7,0.28
50,5,Minimax(depth=3),2,21,126,11.44
50,6,Greedy,3,10,7,0.29
50,7,Minimax(depth=3),3,23,136,12.58
50,8,Greedy,1,20,7,0.28
50,9,Minimax(depth=3),0,24,40,3.06
50,10,Greedy,1,15,7,0.31
50,11,Minimax(depth=3),4,34,153,13.86
50,12,Greedy,1,28,7,0.28
50,13,Minimax(depth=3),1,10000000,67,5.75
51,0,Greedy,3,4,7,0.28
51,1,Minimax(depth=3),3,8,144,12.61
51,2,Greedy,2,13,7,0.28
51,3,Minimax(depth=3),4,9,164,14.44
51,4,Greedy,2,13,7,0.28
51,5,Minimax(depth=3),2,21,126,11.18
51,6,Greedy,3,10,7,0.28
51,7,Minimax(depth=3),3,23,136,12.08
51,8,Greedy,1,20,7,0.28
51,9,Minimax(depth=3),0,24,40,3.05
51,10,Greedy,1,15,7,0.28
51,11,Minimax(depth=3),4,34,153,14.06
51,12,Greedy,1,28,7,0.3
51,13,Minimax(depth=3),1,10000000,67,5.87
52,0,Greedy,3,4,7,0.28
52,1,Minimax(depth=3),3,8,144,12.67
52,2,Greedy,2,13,7,0.29
52,3,Minimax(depth=3),4,9,164,14.54
52,4,Greedy,2,13,7,0.28
52,5,Minimax(depth=3),2,21,126,11.03
52,6,Greedy,3,10,7,0.29
52,7,Minimax(depth=3),3,23,136,12.03
52,8,Greedy,1,20,7,0.31
52,9,Minimax(depth=3),0,24,40,3.02
52,10,Greedy,1,15,7,0.28
52,11,Minimax(depth=3),4,34,153,13.97
52,12,Greedy,1,28,7,0.28
52,13,Minimax(depth=3),1,10000000,67,5.76
53,0,Greedy,3,4,7,0.28
53,1,Minimax(depth=3),3,8,144,13.59
53,2,Greedy,2,13,7,0.28
53,3,Minimax(depth=3),4,9,164,16.37
53,4,Greedy,2,13,7,0.28
53,5,Minimax(depth=3),2,21,126,11.42
53,6,Greedy,3,10,7,0.28
53,7,Minimax(depth=3),3,23,136,12.06
53,8,Greedy,1,20,7,0.28
53,9,Minimax(depth=3),0,24,40,3.01
53,10,Greedy,1,15,7,0.29
53,11,Minimax(depth=3),4,34,153,13.86
53,12,Greedy,1,28,7,0.28
53,13,Minimax(depth=3),1,10000000,67,5.74
54,0,Greedy,3,4,7,0.28
54,1,Minimax(depth=3),3,8,144,12.46
54,2,Greedy,2,13,7,0.28
54,3,Minimax(depth=3),4,9,164,14.29
54,4,Greedy,2,13,7,0.28
54,5,Minimax(depth=3),2,21,126,11.0
54,6,Greedy,3,10,7,0.29
54,7,Minimax(depth=3),3,23,136,11.98
54,8,Greedy,1,20,7,0.28
54,9,Minimax(depth=3),0,24,40,3.0
54,10,Greedy,1,15,7,0.36
54,11,Minimax(depth=3),4,34,153,14.19
54,12,Greedy,1,28,7,0.28
54,13,Minimax(depth=3),1,10000000,67,6.61
55,0,Greedy,3,4,7,0.28
55,1,Minimax(depth=3),3,8,144,12.67
55,2,Greedy,2,13,7,0.28
55,3,Minimax(depth=3),4,9,164,15.77
55,4,Greedy,2,13,7,0.52
55,5,Minimax(depth=3),2,21,126,12.41
55,6,Greedy,3,10,7,0.29
55,7,Minimax(depth=3),3,23,136,11.93
55,8,Greedy,1,20,7,0.28
55,9,Minimax(depth=3),0,24,40,3.04
55,10,Greedy,1,15,7,0.28
55,11,Minimax(depth=3),4,34,153,14.7
55,12,Greedy,1,28,7,0.29
55,13,Minimax(depth=3),1,10000000,67,9.08
56,0,Greedy,3,4,7,0.51
56,1,Minimax(depth=3),3,8,144,16.58
56,2,Greedy,2,13,7,0.28
56,3,Minimax(depth=3),4,9,164,14.31
56,4,Greedy,2,13,7,0.28
56,5,Minimax(depth=3),2,21,126,11.2
56,6,Greedy,3,10,7,0.29
56,7,Minimax(depth=3),3,23,136,12.17
56,8,Greedy,1,20,7,0.28
56,9,Minimax(depth=3),0,24,40,3.05
56,10,Greedy,1,15,7,0.29
56,11,Minimax(depth=3),4,34,153,13.91
56,12,Greedy,1,28,7,0.29
56,13,Minimax(depth=3),1,10000000,67,5.82
57,0,Greedy,3,4,7,0.28
57,1,Minimax(depth=3),3,8,144,12.57
57,2,Greedy,2,13,7,0.28
57,3,Minimax(depth=3),4,9,164,14.53
57,4,Greedy,2,13,7,0.28
57,5,Minimax(depth=3),2,21,126,11.5
57,6,Greedy,3,10,7,0.28
57,7,Minimax(depth=3),3,23,136,12.07
57,8,Greedy,1,20,7,0.28
57,9,Minimax(depth=3),0,24,40,3.02
57,10,Greedy,1,15,7,0.29
57,11,Minimax(depth=3),4,34,153,13.94
57,12,Greedy,1,28,7,0.28
57,13,Minimax(depth=3),1,10000000,67,5.77
58,0,Greedy,3,4,7,0.28
58,1,Minimax(depth=3),3,8,144,12.82
58,2,Greedy,2,13,7,0.28
58,3,Minimax(depth=3),4,9,164,14.33
58,4,Greedy,2,13,7,0.28
58,5,Minimax(depth=3),2,21,126,11.05
58,6,Greedy,3,10,7,0.28
58,7,Minimax(depth=3),3,23,136,11.95
58,8,Greedy,1,20,7,0.33
58,9,Minimax(depth=3),0,24,40,3.13
58,10,Greedy,1,15,7,0.28
58,11,Minimax(depth=3),4,34,153,13.81
58,12,Greedy,1,28,7,0.29
58,13,Minimax(depth=3),1,10000000,67,5.75
59,0,Greedy,3,4,7,0.28
59,1,Minimax(depth=3),3,8,144,12.54
59,2,Greedy,2,13,7,0.28
59,3,Minimax(depth=3),4,9,164,14.39
59,4,Greedy,2,13,7,0.28
59,5,Minimax(depth=3),2,21,126,10.97
59,6,Greedy,3,10,7,0.28
59,7,Minimax(depth=3),3,23,136,12.01
59,8,Greedy,1,20,7,0.28
59,9,Minimax(depth=3),0,24,40,3.03
59,10,Greedy,1,15,7,0.28
59,11,Minimax(depth=3),4,34,153,14.27
59,12,Greedy,1,28,7,0.28
59,13,Minimax(depth=3),1,10000000,67,6.01
60,0,Minimax(depth=3),3,11,182,16.37
60,1,Minimax(depth=5),2,9,3243,290.59
60,2,Minimax(depth=3),3,20,189,16.59
60,3,Minimax(depth=5),3,14,3021,268.92
60,4,Minimax(depth=3),2,24,136,12.2
60,5,Minimax(depth=5),3,30,1903,168.85
60,6,Minimax(depth=3),2,33,173,15.52
60,7,Minimax(depth=5),3,41,2611,232.04
60,8,Minimax(depth=3),3,38,142,12.67
60,9,Minimax(depth=5),2,33,1565,143.69
60,10,Minimax(depth=3),5,40,168,15.92
60,11,Minimax(depth=5),5,40,2600,275.18
60,12,Minimax(depth=3),4,33,178,16.44
60,13,Minimax(depth=5),6,50,3433,313.38
60,14,Minimax(depth=3),2,25,141,12.71
60,15,Minimax(depth=5),4,55,1855,165.48
60,16,Minimax(depth=3),4,14,115,10.58
60,17,Minimax(depth=5),4,10000000,1531,137.82
60,18,Minimax(depth=3),2,14,133,12.28
60,19,Minimax(depth=5),5,10000000,1231,109.31
60,20,Minimax(depth=3),0,-10000000,94,8.63
60,21,Minimax(depth=5),0,10000000,339,29.19
60,22,Minimax(depth=3),0,-10000000,90,8.34
60,23,Minimax(depth=5),0,10000000,324,28.15
60,24,Minimax(depth=3),0,-10000000,91,8.74
60,25,Minimax(depth=5),0,10000000,163,13.44
60,26,Minimax(depth=3),1,-10000000,52,4.9
60,27,Minimax(depth=5),1,10000000,26,1.77
60,28,Minimax(depth=3),1,-10000000,13,1.08
60,29,Minimax(depth=5),1,10000000,6,0.38
61,0,Minimax(depth=3),3,11,182,16.67
61,1,Minimax(depth=5),2,9,3243,289.44
61,2,Minimax(depth=3),3,20,189,17.15
61,3,Minimax(depth=5),3,14,3021,268.08
61,4,Minimax(depth=3),2,24,136,12.03
61,5,Minimax(depth=5),3,30,1903,168.24
61,6,Minimax(depth=3),2,33,173,15.55
61,7,Minimax(depth=5),3,41,2611,230.81
61,8,Minimax(depth=3),3,38,142,12.97
61,9,Minimax(depth=5),2,33,1565,140.57
61,10,Minimax(depth=3),5,40,168,15.88
61,11,Minimax(depth=5),5,40,2600,238.02
61,12,Minimax(depth=3),4,33,178,15.45
61,13,Minimax(depth=5),6,50,3433,349.53
61,14,Minimax(depth=3),2,25,141,22.16
61,15,Minimax(depth=5),4,55,1855,236.89
61,16,Minimax(depth=3),4,14,115,12.43
61,17,Minimax(depth=5),4,10000000,1531,189.42
61,18,Minimax(depth=3),2,14,133,12.31
61,19,Minimax(depth=5),5,10000000,1231,109.25
61,20,Minimax(depth=3),0,-10000000,94,8.86
61,21,Minimax(depth=5),0,10000000,339,29.31
61,22,Minimax(depth=3),0,-10000000,90,8.21
61,23,Minimax(depth=5),0,10000000,324,31.86
61,24,Minimax(depth=3),0,-10000000,91,9.2
61,25,Minimax(depth=5),0,10000000,163,13.29
61,26,Minimax(depth=3),1,-10000000,52,4.85
61,27,Minimax(depth=5),1,10000000,26,1.74
61,28,Minimax(depth=3),1,-10000000,13,1.09
61,29,Minimax(depth=5),1,10000000,6,0.38
62,0,Minimax(depth=3),3,11,182,15.89
62,1,Minimax(depth=5),2,9,3243,297.57
62,2,Minimax(depth=3),3,20,189,16.77
62,3,Minimax(depth=5),3,14,3021,344.38
62,4,Minimax(depth=3),2,24,136,16.12
62,5,Minimax(depth=5),3,30,1903,255.32
62,6,Minimax(depth=3),2,33,173,20.86
62,7,Minimax(depth=5),3,41,2611,345.81
62,8,Minimax(depth=3),3,38,142,23.88
62,9,Minimax(depth=5),2,33,1565,206.6
62,10,Minimax(depth=3),5,40,168,21.42
62,11,Minimax(depth=5),5,40,2600,319.03
62,12,Minimax(depth=3),4,33,178,29.55
62,13,Minimax(depth=5),6,50,3433,471.97
62,14,Minimax(depth=3),2,25,141,23.97
62,15,Minimax(depth=5),4,55,1855,251.84
62,16,Minimax(depth=3),4,14,115,19.63
62,17,Minimax(depth=5),4,10000000,1531,198.97
62,18,Minimax(depth=3),2,14,133,23.17
62,19,Minimax(depth=5),5,10000000,1231,149.16
62,20,Minimax(depth=3),0,-10000000,94,8.83
62,21,Minimax(depth=5),0,10000000,339,35.63
62,22,Minimax(depth=3),0,-10000000,90,8.59
62,23,Minimax(depth=5),0,10000000,324,31.14
62,24,Minimax(depth=3),0,-10000000,91,10.01
62,25,Minimax(depth=5),0,10000000,163,13.74
62,26,Minimax(depth=3),1,-10000000,52,4.94
62,27,Minimax(depth=5),1,10000000,26,1.76
62,28,Minimax(depth=3),1,-10000000,13,1.08
62,29,Minimax(depth=5),1,10000000,6,0.38
63,0,Minimax(depth=3),3,11,182,17.4
63,1,Minimax(depth=5),2,9,3243,374.99
63,2,Minimax(depth=3),3,20,189,19.02
63,3,Minimax(depth=5),3,14,3021,396.27
63,4,Minimax(depth=3),2,24,136,23.47
63,5,Minimax(depth=5),3,30,1903,229.57
63,6,Minimax(depth=3),2,33,173,27.57
63,7,Minimax(depth=5),3,41,2611,332.08
63,8,Minimax(depth=3),3,38,142,22.15
63,9,Minimax(depth=5),2,33,1565,182.97
63,10,Minimax(depth=3),5,40,168,29.37
63,11,Minimax(depth=5),5,40,2600,413.49
63,12,Minimax(depth=3),4,33,178,17.95
63,13,Minimax(depth=5),6,50,3433,517.01
63,14,Minimax(depth=3),2,25,141,24.35
63,15,Minimax(depth=5),4,55,1855,300.17
63,16,Minimax(depth=3),4,14,115,20.3
63,17,Minimax(depth=5),4,10000000,1531,194.38
63,18,Minimax(depth=3),2,14,133,20.56
63,19,Minimax(depth=5),5,10000000,1231,144.74
63,20,Minimax(depth=3),0,-10000000,94,9.78
63,21,Minimax(depth=5),0,10000000,339,33.22
63,22,Minimax(depth=3),0,-10000000,90,8.77
63,23,Minimax(depth=5),0,10000000,324,49.15
63,24,Minimax(depth=3),0,-10000000,91,16.38
63,25,Minimax(depth=5),0,10000000,163,23.95
63,26,Minimax(depth=3),1,-10000000,52,7.96
63,27,Minimax(depth=5),1,10000000,26,2.95
63,28,Minimax(depth=3),1,-10000000,13,1.09
63,29,Minimax(depth=5),1,10000000,6,0.4
64,0,Minimax(depth=3),3,11,182,18.57
64,1,Minimax(depth=5),2,9,3243,390.78
64,2,Minimax(depth=3),3,20,189,31.26
64,3,Minimax(depth=5),3,14,3021,358.78
64,4,Minimax(depth=3),2,24,136,15.8
64,5,Minimax(depth=5),3,30,1903,259.29
64,6,Minimax(depth=3),2,33,173,28.76
64,7,Minimax(depth=5),3,41,2611,322.21
64,8,Minimax(depth=3),3,38,142,19.04
64,9,Minimax(depth=5),2,33,1565,181.07
64,10,Minimax(depth=3),5,40,168,21.64
64,11,Minimax(depth=5),5,40,2600,344.08
64,12,Minimax(depth=3),4,33,178,21.4
64,13,Minimax(depth=5),6,50,3433,422.74
64,14,Minimax(depth=3),2,25,141,16.71
64,15,Minimax(depth=5),4,55,1855,222.9
64,16,Minimax(depth=3),4,14,115,10.36
64,17,Minimax(depth=5),4,10000000,1531,209.78
64,18,Minimax(depth=3),2,14,133,18.58
64,19,Minimax(depth=5),5,10000000,1231,169.83
64,20,Minimax(depth=3),0,-10000000,94,15.5
64,21,Minimax(depth=5),0,10000000,339,50.08
64,22,Minimax(depth=3),0,-10000000,90,11.08
64,23,Minimax(depth=5),0,10000000,324,35.58
64,24,Minimax(depth=3),0,-10000000,91,11.85
64,25,Minimax(depth=5),0,10000000,163,17.4
64,26,Minimax(depth=3),1,-10000000,52,6.46
64,27,Minimax(depth=5),1,10000000,26,2.09
64,28,Minimax(depth=3),1,-10000000,13,1.41
64,29,Minimax(depth=5),1,10000000,6,0.48
65,0,Minimax(depth=3),3,11,182,21.26
65,1,Minimax(depth=5),2,9,3243,457.72
65,2,Minimax(depth=3),3,20,189,30.83
65,3,Minimax(depth=5),3,14,3021,358.33
65,4,Minimax(depth=3),2,24,136,13.78
65,5,Minimax(depth=5),3,30,1903,196.09
65,6,Minimax(depth=3),2,33,173,16.44
65,7,Minimax(depth=5),3,41,2611,233.97
65,8,Minimax(depth=3),3,38,142,12.96
65,9,Minimax(depth=5),2,33,1565,142.32
65,10,Minimax(depth=3),5,40,168,15.46
65,11,Minimax(depth=5),5,40,2600,276.39
65,12,Minimax(depth=3),4,33,178,15.91
65,13,Minimax(depth=5),6,50,3433,329.27
65,14,Minimax(depth=3),2,25,141,13.27
65,15,Minimax(depth=5),4,55,1855,180.05
65,16,Minimax(depth=3),4,14,115,11.71
65,17,Minimax(depth=5),4,10000000,1531,144.48
65,18,Minimax(depth=3),2,14,133,12.46
65,19,Minimax(depth=5),5,10000000,1231,111.24
65,20,Minimax(depth=3),0,-10000000,94,8.76
65,21,Minimax(depth=5),0,10000000,339,30.15
65,22,Minimax(depth=3),0,-10000000,90,8.68
65,23,Minimax(depth=5),0,10000000,324,27.44
65,24,Minimax(depth=3),0,-10000000,91,8.87
65,25,Minimax(depth=5),0,10000000,163,13.74
65,26,Minimax(depth=3),1,-10000000,52,4.77
65,27,Minimax(depth=5),1,10000000,26,1.77
65,28,Minimax(depth=3),1,-10000000,13,1.04
65,29,Minimax(depth=5),1,10000000,6,0.37
66,0,Minimax(depth=3),3,11,182,19.96
66,1,Minimax(depth=5),2,9,3243,347.75
66,2,Minimax(depth=3),3,20,189,16.57
66,3,Minimax(depth=5),3,14,3021,263.54
66,4,Minimax(depth=3),2,24,136,11.84
66,5,Minimax(depth=5),3,30,1903,165.91
66,6,Minimax(depth=3),2,33,173,15.19
66,7,Minimax(depth=5),3,41,2611,268.78
66,8,Minimax(depth=3),3,38,142,14.78
66,9,Minimax(depth=5),2,33,1565,156.65
66,10,Minimax(depth=3),5,40,168,17.03
66,11,Minimax(depth=5),5,40,2600,249.8
66,12,Minimax(depth=3),4,33,178,17.94
66,13,Minimax(depth=5),6,50,3433,331.52
66,14,Minimax(depth=3),2,25,141,13.22
66,15,Minimax(depth=5),4,55,1855,169.06
66,16,Minimax(depth=3),4,14,115,10.61
66,17,Minimax(depth=5),4,10000000,1531,138.24
66,18,Minimax(depth=3),2,14,133,12.93
66,19,Minimax(depth=5),5,10000000,1231,107.75
66,20,Minimax(depth=3),0,-10000000,94,8.54
66,21,Minimax(depth=5),0,10000000,339,32.34
66,22,Minimax(depth=3),0,-10000000,90,8.43
66,23,Minimax(depth=5),0,10000000,324,28.38
66,24,Minimax(depth=3),0,-10000000,91,8.39
66,25,Minimax(depth=5),0,10000000,163,12.88
66,26,Minimax(depth=3),1,-10000000,52,4.8
66,27,Minimax(depth=5),1,10000000,26,1.71
66,28,Minimax(depth=3),1,-10000000,13,1.04
66,29,Minimax(depth=5),1,10000000,6,0.37
67,0,Minimax(depth=3),3,11,182,15.62
67,1,Minimax(depth=5),2,9,3243,287.77
67,2,Minimax(depth=3),3,20,189,16.33
67,3,Minimax(depth=5),3,14,3021,270.81
67,4,Minimax(depth=3),2,24,136,12.64
67,5,Minimax(depth=5),3,30,1903,172.69
67,6,Minimax(depth=3),2,33,173,15.99
67,7,Minimax(depth=5),3,41,2611,249.43
67,8,Minimax(depth=3),3,38,142,13.85
67,9,Minimax(depth=5),2,33,1565,143.75
67,10,Minimax(depth=3),5,40,168,15.56
67,11,Minimax(depth=5),5,40,2600,238.95
67,12,Minimax(depth=3),4,33,178,15.93
67,13,Minimax(depth=5),6,50,3433,366.69
67,14,Minimax(depth=3),2,25,141,19.74
67,15,Minimax(depth=5),4,55,1855,214.18
67,16,Minimax(depth=3),4,14,115,11.6
67,17,Minimax(depth=5),4,10000000,1531,143.37
67,18,Minimax(depth=3),2,14,133,12.51
67,19,Minimax(depth=5),5,10000000,1231,108.92
67,20,Minimax(depth=3),0,-10000000,94,9.16
67,21,Minimax(depth=5),0,10000000,339,29.51
67,22,Minimax(depth=3),0,-10000000,90,8.32
67,23,Minimax(depth=5),0,10000000,324,30.25
67,24,Minimax(depth=3),0,-10000000,91,10.52
67,25,Minimax(depth=5),0,10000000,163,13.78
67,26,Minimax(depth=3),1,-10000000,52,4.86
67,27,Minimax(depth=5),1,10000000,26,1.71
67,28,Minimax(depth=3),1,-10000000,13,1.04
67,29,Minimax(depth=5),1,10000000,6,0.37
68,0,Minimax(depth=3),3,11,182,15.57
68,1,Minimax(depth=5),2,9,3243,285.7
68,2,Minimax(depth=3),3,20,189,16.91
68,3,Minimax(depth=5),3,14,3021,276.08
68,4,Minimax(depth=3),2,24,136,12.23
68,5,Minimax(depth=5),3,30,1903,172.12
68,6,Minimax(depth=3),2,33,173,15.93
68,7,Minimax(depth=5),3,41,2611,231.94
68,8,Minimax(depth=3),3,38,142,12.33
68,9,Minimax(depth=5),2,33,1565,140.96
68,10,Minimax(depth=3),5,40,168,15.15
68,11,Minimax(depth=5),5,40,2600,246.4
68,12,Minimax(depth=3),4,33,178,15.25
68,13,Minimax(depth=5),6,50,3433,301.45
68,14,Minimax(depth=3),2,25,141,12.43
68,15,Minimax(depth=5),4,55,1855,171.99
68,16,Minimax(depth=3),4,14,115,10.28
68,17,Minimax(depth=5),4,10000000,1531,135.46
68,18,Minimax(depth=3),2,14,133,12.21
68,19,Minimax(depth=5),5,10000000,1231,105.39
68,20,Minimax(depth=3),0,-10000000,94,8.47
68,21,Minimax(depth=5),0,10000000,339,29.79
68,22,Minimax(depth=3),0,-10000000,90,9.38
68,23,Minimax(depth=5),0,10000000,324,27.15
68,24,Minimax(depth=3),0,-10000000,91,8.55
68,25,Minimax(depth=5),0,10000000,163,12.9
68,26,Minimax(depth=3),1,-10000000,52,4.69
68,27,Minimax(depth=5),1,10000000,26,1.7
68,28,Minimax(depth=3),1,-10000000,13,1.05
68,29,Minimax(depth=5),1,10000000,6,0.4
69,0,Minimax(depth=3),3,11,182,29.92
69,1,Minimax(depth=5),2,9,3243,319.8
69,2,Minimax(depth=3),3,20,189,17.05
69,3,Minimax(depth=5),3,14,3021,263.73
69,4,Minimax(depth=3),2,24,136,11.52
69,5,Minimax(depth=5),3,30,1903,171.63
69,6,Minimax(depth=3),2,33,173,15.06
69,7,Minimax(depth=5),3,41,2611,248.49
69,8,Minimax(depth=3),3,38,142,18.94
69,9,Minimax(depth=5),2,33,1565,171.39
69,10,Minimax(depth=3),5,40,168,15.26
69,11,Minimax(depth=5),5,40,2600,237.75
69,12,Minimax(depth=3),4,33,178,17.08
69,13,Minimax(depth=5),6,50,3433,354.48
69,14,Minimax(depth=3),2,25,141,12.9
69,15,Minimax(depth=5),4,55,1855,180.65
69,16,Minimax(depth=3),4,14,115,11.62
69,17,Minimax(depth=5),4,10000000,1531,141.88
69,18,Minimax(depth=3),2,14,133,12.28
69,19,Minimax(depth=5),5,10000000,1231,108.83
69,20,Minimax(depth=3),0,-10000000,94,9.09
69,21,Minimax(depth=5),0,10000000,339,29.02
69,22,Minimax(depth=3),0,-10000000,90,8.19
69,23,Minimax(depth=5),0,10000000,324,27.74
69,24,Minimax(depth=3),0,-10000000,91,8.4
69,25,Minimax(depth=5),0,10000000,163,14.06
69,26,Minimax(depth=3),1,-10000000,52,4.8
69,27,Minimax(depth=5),1,10000000,26,2.25
69,28,Minimax(depth=3),1,-10000000,13,1.35
69,29,Minimax(depth=5),1,10000000,6,0.37
70,0,Minimax(depth=3),3,11,182,16.84
70,1,Minimax(depth=5),2,9,3243,288.9
70,2,Minimax(depth=3),3,20,189,16.48
70,3,Minimax(depth=5),3,14,3021,273.38
70,4,Minimax(depth=3),2,24,136,13.66
70,5,Minimax(depth=5),3,30,1903,168.08
70,6,Minimax(depth=3),2,33,173,17.0
70,7,Minimax(depth=5),3,41,2611,230.19
70,8,Minimax(depth=3),3,38,142,12.37
70,9,Minimax(depth=5),2,33,1565,138.62
70,10,Minimax(depth=3),5,40,168,15.51
70,11,Minimax(depth=5),5,40,2600,232.57
70,12,Minimax(depth=3),4,33,178,15.77
70,13,Minimax(depth=5),6,50,3433,307.07
70,14,Minimax(depth=3),2,25,141,12.55
70,15,Minimax(depth=5),4,55,1855,178.12
70,16,Minimax(depth=3),4,14,115,10.33
70,17,Minimax(depth=5),4,10000000,1531,139.16
70,18,Minimax(depth=3),2,14,133,12.67
70,19,Minimax(depth=5),5,10000000,1231,106.41
70,20,Minimax(depth=3),0,-10000000,94,8.98
70,21,Minimax(depth=5),0,10000000,339,28.36
70,22,Minimax(depth=3),0,-10000000,90,8.23
70,23,Minimax(depth=5),0,10000000,324,27.24
70,24,Minimax(depth=3),0,-10000000,91,8.39
70,25,Minimax(depth=5),0,10000000,163,12.86
70,26,Minimax(depth=3),1,-10000000,52,4.86
70,27,Minimax(depth=5),1,10000000,26,1.7
70,28,Minimax(depth=3),1,-10000000,13,1.04
70,29,Minimax(depth=5),1,10000000,6,0.37
71,0,Minimax(depth=3),3,11,182,16.62
71,1,Minimax(depth=5),2,9,3243,282.24
71,2,Minimax(depth=3),3,20,189,17.75
71,3,Minimax(depth=5),3,14,3021,265.45
71,4,Minimax(depth=3),2,24,136,12.06
71,5,Minimax(depth=5),3,30,1903,163.37
71,6,Minimax(depth=3),2,33,173,14.97
71,7,Minimax(depth=5),3,41,2611,237.12
71,8,Minimax(depth=3),3,38,142,12.54
71,9,Minimax(depth=5),2,33,1565,139.44
71,10,Minimax(depth=3),5,40,168,16.85
71,11,Minimax(depth=5),5,40,2600,243.61
71,12,Minimax(depth=3),4,33,178,15.24
71,13,Minimax(depth=5),6,50,3433,305.66
71,14,Minimax(depth=3),2,25,141,12.43
71,15,Minimax(depth=5),4,55,1855,170.12
71,16,Minimax(depth=3),4,14,115,10.49
71,17,Minimax(depth=5),4,10000000,1531,147.11
71,18,Minimax(depth=3),2,14,133,12.37
71,19,Minimax(depth=5),5,10000000,1231,110.56
71,20,Minimax(depth=3),0,-10000000,94,9.63
71,21,Minimax(depth=5),0,10000000,339,32.98
71,22,Minimax(depth=3),0,-10000000,90,8.85
71,23,Minimax(depth=5),0,10000000,324,29.25
71,24,Minimax(depth=3),0,-10000000,91,9.12
71,25,Minimax(depth=5),0,10000000,163,13.39
71,26,Minimax(depth=3),1,-10000000,52,4.88
71,27,Minimax(depth=5),1,10000000,26,1.7
71,28,Minimax(depth=3),1,-10000000,13,1.04
71,29,Minimax(depth=5),1,10000000,6,0.36
72,0,Minimax(depth=3),3,11,182,16.87
72,1,Minimax(depth=5),2,9,3243,291.72
72,2,Minimax(depth=3),3,20,189,17.64
72,3,Minimax(depth=5),3,14,3021,265.06
72,4,Minimax(depth=3),2,24,136,11.77
72,5,Minimax(depth=5),3,30,1903,169.65
72,6,Minimax(depth=3),2,33,173,15.26
72,7,Minimax(depth=5),3,41,2611,234.18
72,8,Minimax(depth=3),3,38,142,12.69
72,9,Minimax(depth=5),2,33,1565,141.31
72,10,Minimax(depth=3),5,40,168,14.89
72,11,Minimax(depth=5),5,40,2600,232.16
72,12,Minimax(depth=3),4,33,178,15.35
72,13,Minimax(depth=5),6,50,3433,303.32
72,14,Minimax(depth=3),2,25,141,12.54
72,15,Minimax(depth=5),4,55,1855,164.03
72,16,Minimax(depth=3),4,14,115,10.3
72,17,Minimax(depth=5),4,10000000,1531,137.4
72,18,Minimax(depth=3),2,14,133,11.96
72,19,Minimax(depth=5),5,10000000,1231,116.63
72,20,Minimax(depth=3),0,-10000000,94,14.34
72,21,Minimax(depth=5),0,10000000,339,40.92
72,22,Minimax(depth=3),0,-10000000,90,8.12
72,23,Minimax(depth=5),0,10000000,324,27.67
72,24,Minimax(depth=3),0,-10000000,91,8.63
72,25,Minimax(depth=5),0,10000000,163,13.66
72,26,Minimax(depth=3),1,-10000000,52,4.73
72,27,Minimax(depth=5),1,10000000,26,1.74
72,28,Minimax(depth=3),1,-10000000,13,1.03
72,29,Minimax(depth=5),1,10000000,6,0.36
73,0,Minimax(depth=3),3,11,182,17.15
73,1,Minimax(depth=5),2,9,3243,285.18
73,2,Minimax(depth=3),3,20,189,16.14
73,3,Minimax(depth=5),3,14,3021,285.45
73,4,Minimax(depth=3),2,24,136,15.26
73,5,Minimax(depth=5),3,30,1903,170.91
73,6,Minimax(depth=3),2,33,173,15.11
73,7,Minimax(depth=5),3,41,2611,235.9
73,8,Minimax(depth=3),3,38,142,13.51
73,9,Minimax(depth=5),2,33,1565,139.93
73,10,Minimax(depth=3),5,40,168,17.15
73,11,Minimax(depth=5),5,40,2600,243.75
73,12,Minimax(depth=3),4,33,178,16.33
73,13,Minimax(depth=5),6,50,3433,307.79
73,14,Minimax(depth=3),2,25,141,12.64
73,15,Minimax(depth=5),4,55,1855,166.77
73,16,Minimax(depth=3),4,14,115,10.14
73,17,Minimax(depth=5),4,10000000,1531,136.28
73,18,Minimax(depth=3),2,14,133,12.89
73,19,Minimax(depth=5),5,10000000,1231,109.51
73,20,Minimax(depth=3),0,-10000000,94,8.38
73,21,Minimax(depth=5),0,10000000,339,29.64
73,22,Minimax(depth=3),0,-10000000,90,8.5
73,23,Minimax(depth=5),0,10000000,324,45.47
73,24,Minimax(depth=3),0,-10000000,91,9.46
73,25,Minimax(depth=5),0,10000000,163,13.61
73,26,Minimax(depth=3),1,-10000000,52,5.28
73,27,Minimax(depth=5),1,10000000,26,1.71
73,28,Minimax(depth=3),1,-10000000,13,1.03
73,29,Minimax(depth=5),1,10000000,6,0.36
74,0,Minimax(depth=3),3,11,182,17.65
74,1,Minimax(depth=5),2,9,3243,294.5
74,2,Minimax(depth=3),3,20,189,17.45
74,3,Minimax(depth=5),3,14,3021,285.2
74,4,Minimax(depth=3),2,24,136,12.32
74,5,Minimax(depth=5),3,30,1903,176.99
74,6,Minimax(depth=3),2,33,173,15.41
74,7,Minimax(depth=5),3,41,2611,232.02
74,8,Minimax(depth=3),3,38,142,12.44
74,9,Minimax(depth=5),2,33,1565,144.75
74,10,Minimax(depth=3),5,40,168,15.35
74,11,Minimax(depth=5),5,40,2600,247.48
74,12,Minimax(depth=3),4,33,178,16.84
74,13,Minimax(depth=5),6,50,3433,311.24
74,14,Minimax(depth=3),2,25,141,12.55
74,15,Minimax(depth=5),4,55,1855,162.88
74,16,Minimax(depth=3),4,14,115,11.68
74,17,Minimax(depth=5),4,10000000,1531,137.58
74,18,Minimax(depth=3),2,14,133,12.19
74,19,Minimax(depth=5),5,10000000,1231,108.24
74,20,Minimax(depth=3),0,-10000000,94,8.84
74,21,Minimax(depth=5),0,10000000,339,28.98
74,22,Minimax(depth=3),0,-10000000,90,8.03
74,23,Minimax(depth=5),0,10000000,324,26.88
74,24,Minimax(depth=3),0,-10000000,91,8.34
74,25,Minimax(depth=5),0,10000000,163,12.86
74,26,Minimax(depth=3),1,-10000000,52,5.96
74,27,Minimax(depth=5),1,10000000,26,1.69
74,28,Minimax(depth=3),1,-10000000,13,1.03
74,29,Minimax(depth=5),1,10000000,6,0.36
75,0,Minimax(depth=3),3,11,182,15.66
75,1,Minimax(depth=5),2,9,3243,282.56
75,2,Minimax(depth=3),3,20,189,16.71
75,3,Minimax(depth=5),3,14,3021,264.31
75,4,Minimax(depth=3),2,24,136,11.71
75,5,Minimax(depth=5),3,30,1903,173.69
75,6,Minimax(depth=3),2,33,173,15.07
75,7,Minimax(depth=5),3,41,2611,233.0
75,8,Minimax(depth=3),3,38,142,12.21
75,9,Minimax(depth=5),2,33,1565,142.97
75,10,Minimax(depth=3),5,40,168,14.88
75,11,Minimax(depth=5),5,40,2600,232.87
75,12,Minimax(depth=3),4,33,178,15.49
75,13,Minimax(depth=5),6,50,3433,303.71
75,14,Minimax(depth=3),2,25,141,12.61
75,15,Minimax(depth=5),4,55,1855,167.23
75,16,Minimax(depth=3),4,14,115,10.33
75,17,Minimax(depth=5),4,10000000,1531,137.03
75,18,Minimax(depth=3),2,14,133,12.0
75,19,Minimax(depth=5),5,10000000,1231,105.89
75,20,Minimax(depth=3),0,-10000000,94,8.82
75,21,Minimax(depth=5),0,10000000,339,28.17
75,22,Minimax(depth=3),0,-10000000,90,8.09
75,23,Minimax(depth=5),0,10000000,324,28.29
75,24,Minimax(depth=3),0,-10000000,91,8.26
75,25,Minimax(depth=5),0,10000000,163,17.0
75,26,Minimax(depth=3),1,-10000000,52,4.74
75,27,Minimax(depth=5),1,10000000,26,1.99
75,28,Minimax(depth=3),1,-10000000,13,1.05
75,29,Minimax(depth=5),1,10000000,6,0.37
76,0,Minimax(depth=3),3,11,182,15.62
76,1,Minimax(depth=5),2,9,3243,284.46
76,2,Minimax(depth=3),3,20,189,17.69
76,3,Minimax(depth=5),3,14,3021,271.51
76,4,Minimax(depth=3),2,24,136,12.82
76,5,Minimax(depth=5),3,30,1903,171.32
76,6,Minimax(depth=3),2,33,173,15.35
76,7,Minimax(depth=5),3,41,2611,231.75
76,8,Minimax(depth=3),3,38,142,13.12
76,9,Minimax(depth=5),2,33,1565,142.22
76,10,Minimax(depth=3),5,40,168,15.92
76,11,Minimax(depth=5),5,40,2600,231.54
76,12,Minimax(depth=3),4,33,178,15.34
76,13,Minimax(depth=5),6,50,3433,304.58
76,14,Minimax(depth=3),2,25,141,12.22
76,15,Minimax(depth=5),4,55,1855,167.2
76,16,Minimax(depth=3),4,14,115,10.61
76,17,Minimax(depth=5),4,10000000,1531,133.52
76,18,Minimax(depth=3),2,14,133,11.87
76,19,Minimax(depth=5),5,10000000,1231,105.75
76,20,Minimax(depth=3),0,-10000000,94,8.37
76,21,Minimax(depth=5),0,10000000,339,28.55
76,22,Minimax(depth=3),0,-10000000,90,8.07
76,23,Minimax(depth=5),0,10000000,324,26.92
76,24,Minimax(depth=3),0,-10000000,91,9.69
76,25,Minimax(depth=5),0,10000000,163,12.9
76,26,Minimax(depth=3),1,-10000000,52,4.77
76,27,Minimax(depth=5),1,10000000,26,1.75
76,28,Minimax(depth=3),1,-10000000,13,1.07
76,29,Minimax(depth=5),1,10000000,6,0.37
77,0,Minimax(depth=3),3,11,182,15.46
77,1,Minimax(depth=5),2,9,3243,287.06
77,2,Minimax(depth=3),3,20,189,16.85
77,3,Minimax(depth=5),3,14,3021,264.1
77,4,Minimax(depth=3),2,24,136,12.43
77,5,Minimax(depth=5),3,30,1903,166.51
77,6,Minimax(depth=3),2,33,173,15.1
77,7,Minimax(depth=5),3,41,2611,233.38
77,8,Minimax(depth=3),3,38,142,13.32
77,9,Minimax(depth=5),2,33,1565,138.92
77,10,Minimax(depth=3),5,40,168,14.81
77,11,Minimax(depth=5),5,40,2600,238.28
77,12,Minimax(depth=3),4,33,178,15.5
77,13,Minimax(depth=5),6,50,3433,341.19
77,14,Minimax(depth=3),2,25,141,16.48
77,15,Minimax(depth=5),4,55,1855,178.85
77,16,Minimax(depth=3),4,14,115,11.2
77,17,Minimax(depth=5),4,10000000,1531,147.88
77,18,Minimax(depth=3),2,14,133,13.46
77,19,Minimax(depth=5),5,10000000,1231,113.99
77,20,Minimax(depth=3),0,-10000000,94,9.34
77,21,Minimax(depth=5),0,10000000,339,30.59
77,22,Minimax(depth=3),0,-10000000,90,12.67
77,23,Minimax(depth=5),0,10000000,324,30.63
77,24,Minimax(depth=3),0,-10000000,91,8.68
77,25,Minimax(depth=5),0,10000000,163,21.22
77,26,Minimax(depth=3),1,-10000000,52,6.81
77,27,Minimax(depth=5),1,10000000,26,2.78
77,28,Minimax(depth=3),1,-10000000,13,1.42
77,29,Minimax(depth=5),1,10000000,6,0.68
78,0,Minimax(depth=3),3,11,182,20.19
78,1,Minimax(depth=5),2,9,3243,310.07
78,2,Minimax(depth=3),3,20,189,18.83
78,3,Minimax(depth=5),3,14,3021,280.95
78,4,Minimax(depth=3),2,24,136,12.53
78,5,Minimax(depth=5),3,30,1903,179.06
78,6,Minimax(depth=3),2,33,173,16.62
78,7,Minimax(depth=5),3,41,2611,239.33
78,8,Minimax(depth=3),3,38,142,12.8
78,9,Minimax(depth=5),2,33,1565,150.78
78,10,Minimax(depth=3),5,40,168,15.59
78,11,Minimax(depth=5),5,40,2600,255.34
78,12,Minimax(depth=3),4,33,178,16.0
78,13,Minimax(depth=5),6,50,3433,311.75
78,14,Minimax(depth=3),2,25,141,12.52
78,15,Minimax(depth=5),4,55,1855,170.37
78,16,Minimax(depth=3),4,14,115,13.36
78,17,Minimax(depth=5),4,10000000,1531,140.51
78,18,Minimax(depth=3),2,14,133,13.27
78,19,Minimax(depth=5),5,10000000,1231,107.63
78,20,Minimax(depth=3),0,-10000000,94,8.6
78,21,Minimax(depth=5),0,10000000,339,29.69
78,22,Minimax(depth=3),0,-10000000,90,8.41
78,23,Minimax(depth=5),0,10000000,324,28.42
78,24,Minimax(depth=3),0,-10000000,91,9.01
78,25,Minimax(depth=5),0,10000000,163,13.19
78,26,Minimax(depth=3),1,-10000000,52,4.78
78,27,Minimax(depth=5),1,10000000,26,1.7
78,28,Minimax(depth=3),1,-10000000,13,1.22
78,29,Minimax(depth=5),1,10000000,6,0.37
79,0,Minimax(depth=3),3,11,182,15.88
79,1,Minimax(depth=5),2,9,3243,290.93
79,2,Minimax(depth=3),3,20,189,17.75
79,3,Minimax(depth=5),3,14,3021,275.69
79,4,Minimax(depth=3),2,24,136,12.19
79,5,Minimax(depth=5),3,30,1903,171.61
79,6,Minimax(depth=3),2,33,173,15.65
79,7,Minimax(depth=5),3,41,2611,243.31
79,8,Minimax(depth=3),3,38,142,12.7
79,9,Minimax(depth=5),2,33,1565,144.45
79,10,Minimax(depth=3),5,40,168,16.04
79,11,Minimax(depth=5),5,40,2600,235.74
79,12,Minimax(depth=3),4,33,178,15.36
79,13,Minimax(depth=5),6,50,3433,311.39
79,14,Minimax(depth=3),2,25,141,14.19
79,15,Minimax(depth=5),4,55,1855,166.88
79,16,Minimax(depth=3),4,14,115,10.4
79,17,Minimax(depth=5),4,10000000,1531,140.08
79,18,Minimax(depth=3),2,14,133,15.16
79,19,Minimax(depth=5),5,10000000,1231,107.01
79,20,Minimax(depth=3),0,-10000000,94,8.49
79,21,Minimax(depth=5),0,10000000,339,30.6
79,22,Minimax(depth=3),0,-10000000,90,8.89
79,23,Minimax(depth=5),0,10000000,324,27.46
79,24,Minimax(depth=3),0,-10000000,91,8.33
79,25,Minimax(depth=5),0,10000000,163,13.18
79,26,Minimax(depth=3),1,-10000000,52,4.71
79,27,Minimax(depth=5),1,10000000,26,1.7
79,28,Minimax(depth=3),1,-10000000,13,1.03
79,29,Minimax(depth=5),1,10000000,6,0.53
